{"cameraMode":{"drawMode":0,"name":"Shaded","section":"Shading Mode"},"sceneLighting":true,"audioPlay":false,"sceneViewState":{"showFog":true,"showMaterialUpdate":false,"showSkybox":true,"showFlares":true,"showImageEffects":true,"showParticleSystems":true},"in2DMode":false,"pivot":{"x":214.541748046875,"y":-87.54821014404297,"z":-210.88232421875},"rotation":{"x":-0.06527266651391983,"y":0.9320931434631348,"z":-0.2855848968029022,"w":-0.21303807199001313},"size":944.8823852539063,"orthographic":false}