{"cameraMode":{"drawMode":0,"name":"Shaded","section":"Shading Mode"},"sceneLighting":false,"audioPlay":false,"sceneViewState":{"showFog":true,"showMaterialUpdate":false,"showSkybox":true,"showFlares":true,"showImageEffects":true,"showParticleSystems":true},"in2DMode":false,"pivot":{"x":7.8019256591796879,"y":1.4093332290649415,"z":-1.061793327331543},"rotation":{"x":0.028553808107972146,"y":0.9637054800987244,"z":-0.23921805620193482,"w":0.11503084748983383},"size":19.35282325744629,"orthographic":false}