{"cameraMode":{"drawMode":0,"name":"Shaded","section":"Shading Mode"},"sceneLighting":true,"audioPlay":false,"sceneViewState":{"showFog":true,"showMaterialUpdate":false,"showSkybox":true,"showFlares":true,"showImageEffects":true,"showParticleSystems":true},"in2DMode":false,"pivot":{"x":-0.7121832370758057,"y":0.1522529125213623,"z":0.10913610458374024},"rotation":{"x":0.0081057483330369,"y":-0.9545397758483887,"z":0.296843022108078,"w":0.026060782372951509},"size":4.485788345336914,"orthographic":false}