{"cameraMode":{"drawMode":0,"name":"Shaded","section":"Shading Mode"},"sceneLighting":true,"audioPlay":false,"sceneViewState":{"showFog":true,"showMaterialUpdate":false,"showSkybox":true,"showFlares":true,"showImageEffects":true,"showParticleSystems":true},"in2DMode":false,"pivot":{"x":2.7109856605529787,"y":45.089656829833987,"z":0.7739448547363281},"rotation":{"x":-0.12077252566814423,"y":0.8695982694625855,"z":-0.26216235756874087,"w":-0.4006058871746063},"size":11.976299285888672,"orthographic":false}